Model,MAE,RMSE,R2
Linear Regression,303.524189967433,367.3941232831115,0.9911590691513389
Decision Tree,406.69554924242425,544.8801378675121,0.9805537646478071
Random Forest,318.20642045454554,400.9678695165799,0.9894694093923938
Gradient Boosting,311.5887594744655,386.8608492743044,0.9901973579350501
XGBoost,273.89202603426844,354.63854664963577,0.9917623097025985
